a_config,a_profit_test,a_profit_test_fc,a_profit_test_opt,a_profit_train,a_profit_train_fc,a_profit_train_opt,a_profit_val,a_profit_val_fc,a_profit_val_opt,ab_profit_test_PF,ab_profit_train_PF,ab_profit_val_PF,b_iter_best,b_n_iters,b_time_WS,b_time_all,b_time_opti,b_time_val,b_train_time_without_WS,hp_batch_size,hp_lr,hp_perturbation,hp_reg,hp_restrict_forecaster_ts
1,0.21948888473238748,0.4205275629500169,0.2194884999582607,0.07133349398990846,0.0654068555069209,0.07133357928313472,0.1614802285799708,0.41013351406255727,0.16148055693348962,0.5153637683698924,0.08251200410164725,0.48919934846959023,1,1,0.09100008010864258,9.583000183105469,3.1369998455047607,2.51200008392334,9.492000102996826,4,0,0.1,0.1,true
