a_config,a_profit_train,a_profit_val,a_profit_test,a_profit_train_fc,a_profit_val_fc,a_profit_test_fc,ab_profit_PF_train,ab_profit_PF_val,ab_profit_PF_test,b_train_time_per_epoch,b_train_time_forward,b_train_time_backward,b_train_time_val,hp_reg,hp_gamma,hp_lr,hp_bs,smoothing,loss,framework,hp_hl1_units,hp_hl1_act
1,-1.4223802089691162,-0.40720105171203613,-0.4183562994003296,1.4145472049713135,0.4101625680923462,0.42051100730895996,1.755104422569275,0.48923003673553467,0.5154128670692444,6.148634958267212,4.444462633132934,0.3612818717956543,1.0580570697784424,0.0,3,0.01,64,logBar,profit,ID,24,softplus
2,0.9149805307388306,0.3112823963165283,0.2872878313064575,1.4145472049713135,0.4101625680923462,0.42051100730895996,1.755104422569275,0.48923003673553467,0.5154128670692444,6.135644960403442,4.419055843353272,0.3457552433013916,1.060048246383667,0.0,3,0.01,64,logBar,profit,ID,24,softplus
