a_config,a_profit_train,a_profit_val,a_profit_test,a_profit_train_fc,a_profit_val_fc,a_profit_test_fc,ab_profit_PF_train,ab_profit_PF_val,ab_profit_PF_test,b_train_time_per_epoch,b_train_time_forward,b_train_time_backward,b_train_time_val,hp_reg,hp_gamma,hp_lr,hp_bs,hp_ws,smoothing,loss,framework,hp_hl1_units,hp_hl1_act
1,-0.07100416719913483,-0.40720105171203613,-0.4183562994003296,0.07100414484739304,0.4101625680923462,0.42051100730895996,0.09226831793785095,0.48923003673553467,0.5154128670692444,1.2214702367782593,0.3806556463241577,0.04693102836608887,0.5075931549072266,0.0,3,0.01,64,True,logBar,profit,ID,24,softplus
2,0.11187300831079483,0.5167255401611328,0.487572580575943,0.07100414484739304,0.4101625680923462,0.42051100730895996,0.09226831793785095,0.48923003673553467,0.5154128670692444,1.1902402639389038,0.3824450969696045,0.030070781707763672,0.5088895559310913,0.0,3,0.01,64,False,logBar,profit,ID,24,softplus
