a_config,a_profit_test,a_profit_test_fc,a_profit_test_opt,a_profit_train,a_profit_train_fc,a_profit_train_opt,a_profit_val,a_profit_val_fc,a_profit_val_opt,ab_profit_test_PF,ab_profit_train_PF,ab_profit_val_PF,b_iter_best,b_n_iters,b_train_time,b_train_time_WS,b_train_time_without_WS,hp_batch_size,hp_lr,hp_perturbation,hp_reg,hp_restrict_forecaster_ts
1,0.1109755466681133,0.20366982059071997,0.11097608318385842,0.07390270334946039,0.07229366351545456,0.07390275022603884,0.1485139670341207,0.22909607254238884,0.14851402108523734,0.24782539544423382,0.07900783531938826,0.2686702719126196,1,1,9.681999921798706,0.10500001907348633,9.57699990272522,4,0,0.1,0.1,true
