a_config,a_profit_test,a_profit_test_fc,a_profit_test_opt,a_profit_train,a_profit_train_fc,a_profit_train_opt,a_profit_val,a_profit_val_fc,a_profit_val_opt,ab_profit_test_PF,ab_profit_train_PF,ab_profit_val_PF,b_iter_best,b_n_iters,b_train_time,b_train_time_WS,b_train_time_without_WS,hp_batch_size,hp_lr,hp_perturbation,hp_reg,hp_restrict_forecaster_ts
1,0.20850953961914415,0.20366982059071997,0.20850971307684443,0.9321277852876291,0.9096416826920541,0.9321282949082259,0.23910258130784112,0.22909607254238884,0.23910273588050618,0.24782539544423382,1.128295112707871,0.2686702719126196,1,1,101.65699982643127,2.0889999866485596,99.56799983978271,16,0,0.1,0.1,true
