a_config,a_profit_test,a_profit_test_fc,a_profit_test_opt,a_profit_train,a_profit_train_fc,a_profit_train_opt,a_profit_val,a_profit_val_fc,a_profit_val_opt,ab_profit_test_PF,ab_profit_train_PF,ab_profit_val_PF,b_iter_best,b_n_iters,b_train_time,b_train_time_WS,b_train_time_without_WS,hp_batch_size,hp_lr,hp_perturbation,hp_reg,hp_restrict_forecaster_ts
1,0.0019001951100869746,0.011612474947954513,0.0019001715942895334,0.013182601085345448,0.017757845113636893,0.01318260414330594,0.013726175643562379,0.029506482140283872,0.013726146628804444,0.014138887661646584,0.02439340172524724,0.029874075561410803,3,3,1.2670001983642578,0,1.2670001983642578,8,30,0.1,0,false
