a_config,a_profit_test,a_profit_test_fc,a_profit_test_opt,a_profit_train,a_profit_train_fc,a_profit_train_opt,a_profit_val,a_profit_val_fc,a_profit_val_opt,ab_profit_test_PF,ab_profit_train_PF,ab_profit_val_PF,b_iter_best,b_n_iters,b_train_time,b_train_time_WS,b_train_time_without_WS,hp_batch_size,hp_lr,hp_perturbation,hp_reg,hp_restrict_forecaster_ts
1,0.36987067672423546,0.4205275629500169,0.36987065144233,0.0672474824520141,0.0654068555069209,0.0672475570862807,0.34953205880737737,0.41013351406255727,0.3495338095850058,0.5153637683698924,0.08251200410164725,0.48919934846959023,1,1,13.690999984741211,0.09000015258789062,13.60099983215332,4,0,0.1,0.1,true
