a_config,a_profit_test,a_profit_test_fc,a_profit_test_opt,a_profit_train,a_profit_train_fc,a_profit_train_opt,a_profit_val,a_profit_val_fc,a_profit_val_opt,ab_profit_test_PF,ab_profit_train_PF,ab_profit_val_PF,b_iter_best,b_n_iters,b_time_WS,b_time_all,b_time_opti,b_time_val,b_train_time_without_WS,hp_batch_size,hp_lr,hp_perturbation,hp_reg,hp_restrict_forecaster_ts
1,0.4141730731694713,0.4205275629500169,0.4141721599647985,0.01963850555140547,0.019638565181715716,0.019638521301084934,0.40397484689176655,0.41013351406255727,0.40397516545910683,0.5153637683698924,0.022276416391028682,0.48919934846959023,1,1,1.929999828338623,14.191999912261963,2.3030002117156982,5.922000169754028,12.26200008392334,4,0,0.1,0.1,true
2,0.40754916167389044,0.4205275629500169,0.40754928336098106,0.02227641844456706,0.019638565181715716,0.022276424700062154,0.39525446672211273,0.41013351406255727,0.3952545844430073,0.5153637683698924,0.022276416391028682,0.48919934846959023,1,1,0.0,14.272000074386597,3.4570000171661377,8.476999998092651,14.272000074386597,4,0,0.1,0.1,true
